{"darwin_brain_neurons_total": 5, "darwin_brain_generation": 4, "darwin_brain_last_train_loss": 306.1649169921875, "darwin_brain_avg_train_loss": 372.26096755981445, "darwin_brain_consciousness": 0.37844238320341905}