{
  "Aprendizado por Refor\u00e7o": {
    "domain": "Aprendizado por Refor\u00e7o",
    "total_tests": 150,
    "accepted": 100,
    "scores": [
      2.9520798028856943,
      3.0841367817395247,
      2.8090757391385717,
      3.1581218856583546,
      3.2003698981615,
      3.076342542877554,
      3.2755464442470696,
      3.575506924963926,
      2.651778589825473,
      3.313028030359528,
      2.770912002423736,
      3.0561904339969597,
      3.431129050567452,
      3.107338674524086,
      3.2869201492541444,
      2.1434554892299453,
      2.6923465074652313,
      2.0007142930881834,
      2.9362478161837626,
      2.422329545934272,
      3.421578338265082,
      2.134988935621594,
      2.2991208376466075,
      2.395689062401507,
      2.5480320302612145,
      2.849912108198001,
      3.0449611439448283,
      3.1309188409616056,
      2.7207121267506302,
      2.85814110626666,
      2.523399053326583,
      2.837946346748808,
      2.752684172127347,
      3.3508029804889325,
      3.2753261730867647,
      2.862785639978505,
      3.1607827783169955,
      3.6634523174729803,
      3.4429981986799603,
      3.4545774579619963,
      2.870796637910491,
      3.110940120481138,
      2.322048777714505,
      2.360300125069083,
      3.226501688278491,
      3.163714621007319,
      3.368099070879453,
      2.70368602583141,
      2.981898904535241,
      3.672509186295982,
      2.3669096094302065,
      2.678088708535373,
      2.641672616176782,
      3.2906691071280294,
      3.195451380399813,
      2.5465123314310993,
      2.7600696700750986,
      2.2536841204752456,
      1.9052990158587337,
      2.64083548274129,
      2.3278690724838893,
      1.8780083949153699,
      1.816351402887393,
      2.4631345316067184,
      2.393069158404875,
      2.4623637040305266,
      2.9848412688356283,
      2.7088676839490997,
      2.7328932782032003,
      2.1379281593758725,
      2.074936137433857,
      2.2011133912730076,
      2.6750977367823756,
      2.2106801203336315,
      2.6619534886894534,
      2.105638128867645,
      2.3792657698688418,
      2.3468313387371844,
      2.5080255495642403,
      2.600655572615482,
      2.392809379927368,
      2.3996914102202047,
      2.370421974183376,
      2.2992956282526302,
      1.8702375871313248,
      2.4873957437003362,
      2.8150715219741307,
      2.552381216349721,
      2.8725698979059087,
      2.2621006533451755,
      2.766892410924694,
      2.9770586902406877,
      2.014781089625574,
      2.8201636335879736,
      2.590676537317587,
      2.4779815376773944,
      2.5127257245592785,
      1.9714055141835727,
      2.1594003856983415,
      2.1248755421260923,
      2.175572661351284,
      1.3327178322749578,
      1.1439907037959631,
      1.443026529108658,
      1.8531732310111593,
      1.0213801643207296,
      1.6446070854115675,
      1.3744707378003191,
      1.103284472461118,
      1.1116008646646431,
      1.2795638901908493,
      1.4931829243352495,
      1.1807147635474018,
      1.506386683489802,
      1.904578801154693,
      1.4875196052109878,
      1.7285219475832043,
      1.646126810145677,
      1.0772877640295222,
      1.0471802211837458,
      0.9056079400123122,
      1.680379629308037,
      1.2235313562617183,
      1.798618934619124,
      1.5527155730441438,
      1.2165267259732897,
      1.1277654096959964,
      1.0221053951101227,
      1.6675587644320382,
      1.3476933985375286,
      1.9349836063302237,
      1.4054004595974214,
      1.3503920954395239,
      1.2671663996006468,
      1.7985719330598664,
      1.3191805196159858,
      1.3392341148460327,
      1.5451152768121057,
      0.9726404993052582,
      1.2896105039604286,
      2.0864053261294413,
      2.110657841030912,
      1.1250432812162365,
      1.634279065745895,
      1.5695334979148923,
      1.8550268343199992,
      1.2333078235260369,
      1.4617641904750946,
      1.6990750448321192,
      1.0485938647447182
    ],
    "acceptance_rate": 0.6666666666666666,
    "mean_score": 2.281886002784298,
    "score_std": 0.7200595551136583
  },
  "Large Language Models": {
    "domain": "Large Language Models",
    "total_tests": 150,
    "accepted": 8,